{"cameraMode":{"drawMode":0,"name":"Shaded","section":"Shading Mode"},"sceneLighting":true,"audioPlay":false,"sceneViewState":{"showFog":true,"showMaterialUpdate":false,"showSkybox":true,"showFlares":true,"showImageEffects":true,"showParticleSystems":true},"in2DMode":false,"pivot":{"x":7.211177349090576,"y":0.4294608235359192,"z":4.566666126251221},"rotation":{"x":0.046109575778245929,"y":-0.06017332524061203,"z":0.002796450862661004,"w":0.9971627593040466},"size":22.0,"orthographic":false}