{"cameraMode":{"drawMode":0,"name":"Shaded","section":"Shading Mode"},"sceneLighting":true,"audioPlay":false,"sceneViewState":{"showFog":true,"showMaterialUpdate":false,"showSkybox":false,"showFlares":true,"showImageEffects":true,"showParticleSystems":true},"in2DMode":false,"pivot":{"x":6.044750213623047,"y":2.0,"z":-10.048089981079102},"rotation":{"x":-0.10814887285232544,"y":0.19024443626403809,"z":-0.021092243492603303,"w":-0.9755439758300781},"size":40.010372161865237,"orthographic":false}