{"cameraMode":{"drawMode":0,"name":"Shaded","section":"Shading Mode"},"sceneLighting":true,"audioPlay":false,"sceneViewState":{"showFog":true,"showMaterialUpdate":false,"showSkybox":true,"showFlares":true,"showImageEffects":true,"showParticleSystems":true},"in2DMode":false,"pivot":{"x":29.308584213256837,"y":5.172019004821777,"z":-12.433891296386719},"rotation":{"x":0.04497382044792175,"y":-0.8200469017028809,"z":0.06510519236326218,"w":0.5668339133262634},"size":1.5949013233184815,"orthographic":false}